# index, _pos
0,"array([33.05954667, 20.66447218])"
1,"array([32.62450772, 20.17876025])"
2,"array([33.73459782, 20.82365206])"
3,"array([33.41437522, 20.10172837])"
4,"array([32.46187234, 20.96001171])"
5,"array([33.14928508, 21.35826008])"
6,"array([-1.43736674, 35.09473443])"
7,"array([-1.71046262, 34.18980439])"
8,"array([-2.74344561, 34.92392547])"
9,"array([-2.29141894, 34.39364399])"
10,"array([-2.14950579, 35.01684116])"
11,"array([ 0.24481976, -7.8427597 ])"
12,"array([-1.74748861, -7.96593344])"
13,"array([ 2.64758194, -5.34596667])"
14,"array([ 0.70117707, -6.87919439])"
15,"array([ -0.75536848, -10.20073117])"
16,"array([ 2.11997908, -8.68193523])"
17,"array([-0.24992501, -8.88695774])"
18,"array([34.48138243, 11.7658058 ])"
19,"array([35.29069546, 10.98097838])"
20,"array([35.34699078, 11.84036886])"
21,"array([34.43650825, 10.9032731 ])"
22,"array([ 13.26707557, -21.44214382])"
23,"array([ 14.23325063, -21.3300886 ])"
24,"array([ 13.07418834, -20.58943052])"
25,"array([ 14.38283127, -20.92180744])"
26,"array([ 13.55726529, -21.8340959 ])"
27,"array([ 13.82141926, -21.3552562 ])"
28,"array([ 13.91914581, -20.788045  ])"
29,"array([ 14.68066422, -21.90676607])"
30,"array([ 12.57146183, -20.21716051])"
31,"array([ 18.48667013, -19.98429397])"
32,"array([ 17.3883054 , -20.45526913])"
33,"array([ 18.46776123, -20.4723733 ])"
34,"array([ 16.90795083, -18.78110609])"
35,"array([ 17.68336173, -19.66358333])"
36,"array([ 17.25046625, -19.97134591])"
37,"array([ 17.53806877, -20.87825415])"
38,"array([ 17.81066164, -20.25067813])"
39,"array([ 17.97051658, -20.74501011])"
40,"array([ 18.19964249, -19.61117246])"
41,"array([-27.95694753, -15.78501416])"
42,"array([-28.20494237, -17.17559766])"
43,"array([-28.81964267, -16.07649138])"
44,"array([-28.87246075, -16.86923757])"
45,"array([-26.81149317, -14.60840854])"
46,"array([-28.27001221, -16.46866772])"
47,"array([-27.66324276, -16.67516045])"
48,"array([-28.92986041, -15.09431339])"
49,"array([-27.18292157,   7.09420763])"
50,"array([-27.30074113,   5.98533081])"
51,"array([-28.01232032,   6.20484577])"
52,"array([-26.82503579,   6.48108482])"
53,"array([-27.85452845,   6.93782201])"
54,"array([35.76054645, -9.81439063])"
55,"array([35.21233222, -8.97529809])"
56,"array([ -9.29984933, -20.44992229])"
57,"array([ -8.3587833 , -19.18167309])"
58,"array([-22.16244885, -18.00527078])"
59,"array([-22.03391415, -18.95771836])"
60,"array([-22.92169651, -18.6004789 ])"
61,"array([ 18.29341543, -18.67942485])"
62,"array([ 18.74909954, -17.45030573])"
63,"array([ 19.27746019, -18.04973723])"
64,"array([ 14.84796108, -19.32515817])"
65,"array([ 17.96429124, -18.05354387])"
66,"array([ 20.16454179, -19.22317918])"
67,"array([ 19.32674466, -18.73659264])"
68,"array([ 20.0400281 , -18.41920682])"
69,"array([13.02106078,  1.39855036])"
70,"array([12.18495308,  0.468495  ])"
71,"array([13.45626043,  1.16759049])"
72,"array([12.85879373,  0.57593842])"
73,"array([11.68476828,  0.96270137])"
74,"array([12.50991727,  0.45215527])"
75,"array([12.82316313,  2.12543092])"
76,"array([11.49747377,  1.22634017])"
77,"array([13.94943986,  1.4707417 ])"
78,"array([11.38704636,  0.89157925])"
79,"array([12.5772745 ,  1.16346357])"
80,"array([12.11740211,  0.81520451])"
81,"array([11.41323975,  1.77583585])"
82,"array([12.70962298,  1.71768115])"
83,"array([12.21470419,  2.07810527])"
84,"array([12.24436403,  1.10190176])"
85,"array([11.70702623,  1.97269293])"
86,"array([12.61160006,  0.80773162])"
87,"array([-13.5199403 ,  20.89378559])"
88,"array([-13.08751294,  20.42171096])"
89,"array([-14.31461588,  21.91890443])"
90,"array([-14.17296019,  21.18473136])"
91,"array([-13.97173628,  20.38674291])"
92,"array([-13.59427888,  21.52746043])"
93,"array([-13.08404636,  21.46225334])"
94,"array([-12.42743079,  21.00419618])"
95,"array([ 0.71202011, -4.93031307])"
96,"array([ 3.28749057, -5.03231785])"
97,"array([-20.79091482,  22.61113371])"
98,"array([-21.49638639,  23.03898904])"
99,"array([-21.07952698,  23.74907106])"
100,"array([-20.36708266,  23.31658156])"
101,"array([ 9.49712408, -7.01857505])"
102,"array([ 8.14220845, -6.08440043])"
103,"array([ 9.94832971, -8.26939563])"
104,"array([ 9.80709404, -6.20862917])"
105,"array([ 7.49855978, -5.82855168])"
106,"array([10.08996132, -8.8949348 ])"
107,"array([ 8.23987489, -5.64155235])"
108,"array([11.34054561, -8.14984308])"
109,"array([ 8.67253131, -7.32500085])"
110,"array([ 9.41137208, -6.00534717])"
111,"array([ 8.02013118, -5.57636624])"
112,"array([ 8.32537463, -6.4613752 ])"
113,"array([ 8.43870693, -6.12256307])"
114,"array([ 8.6460774 , -4.90853707])"
115,"array([ 8.09857147, -5.13969467])"
116,"array([ 9.39158894, -5.59109823])"
117,"array([ 7.93021268, -6.65914692])"
118,"array([10.65703191, -8.87085863])"
119,"array([10.34833896, -8.05371457])"
120,"array([10.53680376, -8.36176337])"
121,"array([ 8.5669277 , -5.26653201])"
122,"array([ 8.06899355, -6.55978507])"
123,"array([10.63763032, -7.70675231])"
124,"array([ 8.2459941 , -6.77306399])"
125,"array([11.17776545, -8.65095385])"
126,"array([ 17.58464241, -44.13356505])"
127,"array([ 17.9835269 , -44.97592148])"
128,"array([ 1.82110435, -3.4420768 ])"
129,"array([ 3.07935735, -3.85131259])"
130,"array([ 1.97907791, -3.04400335])"
131,"array([-0.12626455, -3.33757274])"
132,"array([ 2.80351435, -4.0709375 ])"
133,"array([ 1.53221387, -3.08444534])"
134,"array([ 1.71468452, -2.61863683])"
135,"array([ 1.19665425, -4.02470522])"
136,"array([ 2.33640655, -4.09521902])"
137,"array([ 1.41736107, -3.54792725])"
138,"array([ 2.51007021, -3.59527206])"
139,"array([ 3.13235254, -3.22614652])"
140,"array([ 1.06508032, -3.12312275])"
141,"array([ 1.68232888, -3.9429937 ])"
142,"array([ 1.28213832, -2.37258296])"
143,"array([ 0.94438319, -3.60332142])"
144,"array([ 36.48853747, -25.96479153])"
145,"array([ 36.57891567, -26.94866596])"
146,"array([ 37.34880158, -26.46599798])"
147,"array([32.84518958,  5.82230742])"
148,"array([33.77368936,  5.90580388])"
149,"array([-20.21696999, -21.20268409])"
150,"array([-19.36689111, -21.63473865])"
151,"array([2.74470755, 0.69300889])"
152,"array([ 3.12350462, -0.91907014])"
153,"array([3.17588465, 1.16202161])"
154,"array([4.67702703, 0.81152854])"
155,"array([-0.55502206, -0.88189107])"
156,"array([-0.4324271 , -2.05809597])"
157,"array([ 0.51217432, -0.95043002])"
158,"array([ 0.00667625, -0.51019914])"
159,"array([-0.54627992, -1.45342212])"
160,"array([-0.03677883, -1.1492125 ])"
161,"array([ 0.16051581, -1.63102903])"
162,"array([-2.4583242 ,  7.11946741])"
163,"array([-2.64300407,  8.02983828])"
164,"array([-0.45665771,  4.99030431])"
165,"array([-2.29612984,  6.11437905])"
166,"array([-1.75229851,  6.61824156])"
167,"array([-3.9435408 ,  8.96427919])"
168,"array([-2.48186977, -3.36256722])"
169,"array([ 7.66075733, -3.91907377])"
170,"array([ 8.17934447, -5.8398028 ])"
171,"array([ 6.70875316, -3.56869429])"
172,"array([ 8.69697764, -4.54321147])"
173,"array([ 9.08643482, -4.2685009 ])"
174,"array([ 8.41369157, -5.5289643 ])"
175,"array([ 7.68359093, -5.87870959])"
176,"array([ 9.00739111, -5.73009308])"
177,"array([10.21990476, -1.83396242])"
178,"array([ 10.95630274, -16.92645333])"
179,"array([ 10.65800324, -18.54006303])"
180,"array([ 12.04318329, -18.87823146])"
181,"array([  9.88306175, -17.72642208])"
182,"array([  9.20103267, -15.23156539])"
183,"array([ 12.86815157, -14.98214847])"
184,"array([ 11.16456396, -18.32887187])"
185,"array([  9.93419409, -16.69576722])"
186,"array([ 11.72084731, -17.70833748])"
187,"array([ 11.29725577, -20.56856569])"
188,"array([ 10.18495495, -20.28565837])"
189,"array([ 11.98651423, -18.25889294])"
190,"array([ 11.82708604, -21.31598374])"
191,"array([10.55707128, -6.5509697 ])"
192,"array([ 9.23450946, -5.79468854])"
193,"array([ 9.09165171, -6.01577328])"
194,"array([ 8.92904425, -5.24387165])"
195,"array([10.41739934, -5.20521076])"
196,"array([10.26836285, -6.82421557])"
197,"array([11.40756853, -6.65076064])"
198,"array([10.33638861, -6.31435529])"
199,"array([12.31770928, -8.40373857])"
200,"array([ 9.12236203, -5.48699222])"
201,"array([11.1854917 , -5.50699925])"
202,"array([11.74608336, -6.6258128 ])"
203,"array([11.13748624, -5.90235759])"
204,"array([11.02284687, -6.95153619])"
205,"array([11.01320965, -7.87518217])"
206,"array([11.26823578, -7.26817808])"
207,"array([10.8111432 , -5.50262477])"
208,"array([11.42907046, -5.9944488 ])"
209,"array([12.20037122, -6.8334783 ])"
210,"array([11.4801221 , -7.03343598])"
211,"array([10.66031615, -6.05483041])"
212,"array([11.63690323, -5.70471565])"
213,"array([11.37253463, -6.30556184])"
214,"array([11.63595036, -6.25172035])"
215,"array([10.87076529, -5.89052009])"
216,"array([10.35217139, -5.93166918])"
217,"array([11.830385  , -7.01576674])"
218,"array([ 9.28067421, -4.71930287])"
219,"array([11.99484462, -6.4035854 ])"
220,"array([11.05263594, -6.2183339 ])"
221,"array([10.6224839 , -6.89871709])"
222,"array([ 9.67172768, -7.28121473])"
223,"array([ 9.79007196, -5.91639762])"
224,"array([11.60245178, -7.66868836])"
225,"array([11.65073813, -5.26481333])"
226,"array([ 9.6373793 , -6.45947512])"
227,"array([ 9.03621934, -8.00065241])"
228,"array([11.13672703, -6.54341656])"
229,"array([10.9122959 , -6.68928796])"
230,"array([10.81283711, -5.13031465])"
231,"array([11.95361552, -5.95758428])"
232,"array([10.80523882, -6.35000686])"
233,"array([ -0.99307677, -36.07767409])"
234,"array([ -1.96226453, -36.35464895])"
235,"array([-1.69597707, 22.22641809])"
236,"array([-1.88565346, 23.18336669])"
237,"array([-2.60330252, 22.59556689])"
238,"array([-19.83751936, -36.48854426])"
239,"array([-20.68407629, -36.01712126])"
240,"array([-19.85916742, -35.522844  ])"
241,"array([ 36.40836572, -22.00466886])"
242,"array([ 37.15792969, -21.43120853])"
243,"array([ 37.27061824, -22.36249823])"
244,"array([11.37484961,  0.34922737])"
245,"array([11.21179369,  1.45214702])"
246,"array([ 1.16580506e+01, -1.08635191e-02])"
247,"array([12.08338575,  1.58895213])"
248,"array([11.63698404, -0.53574186])"
249,"array([10.69805179,  0.20742593])"
250,"array([10.77419134,  1.09648904])"
251,"array([10.81059694,  1.44571104])"
252,"array([11.02758251, -0.07770948])"
253,"array([10.8403004 , -0.51557227])"
254,"array([11.10790868, -3.41328186])"
255,"array([10.67648954,  2.10519847])"
256,"array([11.56353273,  2.42888733])"
257,"array([11.5575004 ,  1.45906143])"
258,"array([11.34777696, -0.16323488])"
259,"array([10.28279732,  0.62396297])"
260,"array([10.88697285,  1.75398155])"
261,"array([10.45295022,  1.43563843])"
262,"array([12.85333031, -0.47171371])"
263,"array([12.15796866, -0.06070927])"
264,"array([11.04375874,  0.28526154])"
265,"array([11.11402398,  1.16997189])"
266,"array([11.89309351,  1.27489951])"
267,"array([11.034956  ,  0.81435151])"
268,"array([ 7.18432021, -5.57540535])"
269,"array([ 6.93955733, -4.98139045])"
270,"array([ 7.49357555, -6.37205991])"
271,"array([ 6.72317947, -5.88012165])"
272,"array([ 8.33249633, -5.29989416])"
273,"array([ 7.37283201, -6.1422856 ])"
274,"array([ 8.1658755 , -4.91162603])"
275,"array([ 7.32098177, -5.37758818])"
276,"array([ 8.51872033, -6.55797262])"
277,"array([ 7.25910836, -5.83958408])"
278,"array([ 7.8005447 , -5.23003411])"
279,"array([ 7.61615252, -6.10116357])"
280,"array([ 8.07694772, -5.38535339])"
281,"array([ 6.19981669, -5.70649345])"
282,"array([ 6.63198667, -5.03537721])"
283,"array([ 7.98484078, -6.30530937])"
284,"array([ 6.53235296, -5.55776616])"
285,"array([ 7.15116157, -6.11246122])"
286,"array([ 7.0386408 , -4.62464621])"
287,"array([ 7.78677382, -6.17463263])"
288,"array([ 7.54751614, -5.15905456])"
289,"array([ 7.69306476, -5.61612737])"
290,"array([ 6.92718643, -5.62138446])"
291,"array([ 7.32289248, -4.88788987])"
292,"array([ 8.67958068, -5.97666715])"
293,"array([ 7.85534286, -5.03405392])"
294,"array([ 7.84492555, -5.41337814])"
295,"array([ 8.25052866, -6.2744105 ])"
296,"array([ 7.2087038 , -6.45838483])"
297,"array([ 7.89766736, -4.74213332])"
298,"array([ 7.21586504, -5.07544376])"
299,"array([ 6.26337094, -4.45201512])"
300,"array([ 7.45152374, -5.60292407])"
301,"array([ 6.84817898, -5.34270326])"
302,"array([ 7.94265372, -5.94450145])"
303,"array([ 7.58819345, -5.40169805])"
304,"array([ 7.90125975, -5.74988387])"
305,"array([ 7.6163677, -4.886019 ])"
306,"array([ 8.39642235, -5.85803369])"
307,"array([ 7.08178105, -5.26052858])"
308,"array([ 7.61954229, -6.62924467])"
309,"array([ 8.62556249, -5.75233241])"
310,"array([ 8.68681173, -5.51342038])"
311,"array([ 7.75536737, -6.46775104])"
312,"array([ 24.33162639, -40.12703976])"
313,"array([ 25.12886223, -39.94926594])"
314,"array([ 24.14029821, -39.32814291])"
315,"array([ 24.93671516, -39.1557042 ])"
316,"array([-13.00524909, -32.29982596])"
317,"array([-12.36376744, -33.03307825])"
318,"array([20.39971386, -0.06175325])"
319,"array([20.58102215,  0.2981126 ])"
320,"array([21.77660216, -0.14243052])"
321,"array([20.85606311,  0.07864706])"
322,"array([21.38178156, -0.36462682])"
323,"array([20.66529277, -0.32273855])"
324,"array([21.33754733,  0.4870241 ])"
325,"array([21.04691554, -0.21161206])"
326,"array([20.92139543,  0.4930101 ])"
327,"array([21.36250739,  0.91047119])"
328,"array([20.57137101,  0.71253152])"
329,"array([21.98910353,  0.19181241])"
330,"array([ 2.14787151e+01, -1.45188964e-02])"
331,"array([20.97523279,  0.87342113])"
332,"array([21.71870544, -0.54338925])"
333,"array([20.89969408, -0.55030475])"
334,"array([21.78254308,  0.65669545])"
335,"array([21.2288288 , -0.71249923])"
336,"array([21.65331634,  0.30183774])"
337,"array([19.58801282, -0.86795243])"
338,"array([21.18552149,  0.17202481])"
339,"array([20.85028621, -1.32886284])"
340,"array([20.10043395,  0.30559505])"
341,"array([-11.8244427 , -12.50520806])"
342,"array([-11.42493192, -12.70548331])"
343,"array([ -9.93560381, -12.52015775])"
344,"array([-12.85919145, -13.47062951])"
345,"array([-13.0926809 , -12.99829852])"
346,"array([-12.39565972, -13.68173505])"
347,"array([-12.33685101, -12.64226964])"
348,"array([-12.36915974, -13.2610144 ])"
349,"array([-11.94363865, -13.51248498])"
350,"array([-12.86891592, -12.55760386])"
351,"array([-12.58894114, -12.22846713])"
352,"array([-10.74777612, -12.69395778])"
353,"array([-11.4997013 , -13.19232267])"
354,"array([-12.64115442, -12.95400314])"
355,"array([-12.16240328, -12.17822285])"
356,"array([-12.00465969, -12.99531665])"
357,"array([35.77744193, 24.5226106 ])"
358,"array([35.00007941, 25.12665655])"
359,"array([  4.09849458, -21.15351634])"
360,"array([  3.54144076, -20.72761167])"
361,"array([  5.5544396 , -19.20654568])"
362,"array([  3.82517299, -21.80789489])"
363,"array([ 5.54475027, 27.83916014])"
364,"array([ 6.4884658 , 27.65007172])"
365,"array([-25.7485693 ,  -2.60625999])"
366,"array([-26.70882974,  -2.60721681])"
367,"array([-19.23457731,  18.72805177])"
368,"array([-18.25090077,  19.10799668])"
369,"array([-17.80282864,  13.78231777])"
370,"array([-18.82882163,  14.1485805 ])"
371,"array([-34.02826218,  -8.2846538 ])"
372,"array([-34.45003151,  -9.14256136])"
373,"array([  0.17593432, -13.59432427])"
374,"array([  0.95691136, -12.63827027])"
375,"array([  0.43092257, -12.53386371])"
376,"array([ 8.42953007, -3.50942829])"
377,"array([ 9.41055773, -3.8126159 ])"
378,"array([ 9.78066108, -4.51648419])"
379,"array([ 9.12233567, -6.30788967])"
380,"array([10.61632871, -2.42473439])"
381,"array([ 8.54946326, -6.32218362])"
382,"array([ 9.97377309, -4.88628923])"
383,"array([ 7.95005507, -4.32286025])"
384,"array([ 9.02547609, -3.77977158])"
385,"array([ 8.81497067, -6.17895886])"
386,"array([ 9.17366984, -5.22897667])"
387,"array([ 7.05980014, -5.85996536])"
388,"array([ 8.05921845, -3.77765185])"
389,"array([ 8.55503305, -7.01880837])"
390,"array([10.26929309, -5.55912974])"
391,"array([ 7.88012816, -6.90327517])"
392,"array([11.21400935,  2.83364974])"
393,"array([40.75902328, -0.64502666])"
394,"array([40.13103963,  0.05838987])"
395,"array([-8.23667722, 20.9233542 ])"
396,"array([-7.31288413, 21.23650348])"
397,"array([-7.3147882 , 21.95620988])"
398,"array([-7.78160094, 21.61698642])"
399,"array([-8.19067873, 22.04002744])"
400,"array([-8.51654197, 21.4404668 ])"
401,"array([-7.57951456, 20.70544044])"
402,"array([  7.29621784, -10.56809656])"
403,"array([  6.50086194, -12.33800499])"
404,"array([  6.78837397, -12.93760325])"
405,"array([ 8.05191527, -8.68097431])"
406,"array([ 7.42915017, -7.76860993])"
407,"array([  5.8239652 , -12.45205141])"
408,"array([16.97351329, -4.67729669])"
409,"array([15.93553215, -4.84351283])"
410,"array([16.69083702, -5.29225173])"
411,"array([17.93315895, -3.81822153])"
412,"array([16.4548872 , -3.76744171])"
413,"array([15.50512849, -5.21872321])"
414,"array([16.71119848, -4.44916106])"
415,"array([16.33204873, -4.73602388])"
416,"array([16.62082404, -4.8468299 ])"
417,"array([15.81698521, -5.45599667])"
418,"array([16.92280437, -5.04399904])"
419,"array([17.1828995 , -5.28424213])"
420,"array([16.27812087, -4.3859431 ])"
421,"array([15.45443134, -4.86739305])"
422,"array([16.57366663, -4.15692246])"
423,"array([15.74693644, -4.56207238])"
424,"array([16.91288347, -4.12691061])"
425,"array([15.404688  , -4.53281562])"
426,"array([16.34758628, -5.13549056])"
427,"array([17.14623068, -4.40447593])"
428,"array([17.30253147, -4.85040997])"
429,"array([15.7221866 , -4.26300903])"
430,"array([16.09692409, -3.98177071])"
431,"array([16.31697379, -5.5120795 ])"
432,"array([16.74559025, -5.65828657])"
433,"array([15.84530336, -5.14977662])"
434,"array([ 6.21752154, -5.24204023])"
435,"array([ 5.578046  , -3.95390689])"
436,"array([ 4.46227727, -3.2296584 ])"
437,"array([ 16.39482873, -29.87094435])"
438,"array([ 16.92131079, -28.96417189])"
439,"array([ 17.57794503, -29.1625962 ])"
440,"array([ 17.26725006, -30.05358183])"
441,"array([ 17.78341625, -29.53697468])"
442,"array([ 16.9188306 , -29.96207931])"
443,"array([ 16.76269107, -29.30333006])"
444,"array([ 17.51634947, -29.81956318])"
445,"array([ 17.67605529, -28.67008112])"
446,"array([ 16.68478486, -29.69850634])"
447,"array([ 16.67429603, -28.33600396])"
448,"array([ 16.71534881, -28.67912605])"
449,"array([ 17.37201009, -29.46255708])"
450,"array([ 17.14621149, -29.1845231 ])"
451,"array([ 17.42003855, -28.32924254])"
452,"array([ 16.38352156, -29.43654117])"
453,"array([ 16.18762063, -29.13139142])"
454,"array([ 17.36976397, -28.88083067])"
455,"array([ 16.55223707, -29.04848198])"
456,"array([ 16.3102376 , -28.71975384])"
457,"array([ 17.01388357, -28.34619393])"
458,"array([ 17.05190535, -29.55120351])"
459,"array([-16.8979531 ,  10.64658084])"
460,"array([-15.93952841,  10.9569631 ])"
461,"array([-16.21620862,   9.98702428])"
462,"array([ -3.42427666, -16.99044006])"
463,"array([ -2.87541402, -15.41650646])"
464,"array([24.46614988, 12.79394129])"
465,"array([23.68413417, 13.3170436 ])"
466,"array([-22.60403908,  18.41816868])"
467,"array([-21.8071475,  18.8773043])"
468,"array([ 10.9520272 , -21.58891466])"
469,"array([ 12.66061828, -17.46144258])"
470,"array([ 14.37367944, -18.35205157])"
471,"array([ 10.83540358, -20.67440722])"
472,"array([ 12.84958241, -17.92585159])"
473,"array([ 11.21285805, -21.95285178])"
474,"array([ 12.90067127, -16.66735168])"
475,"array([ 13.41002029, -17.98111781])"
476,"array([  1.99214511, -42.80943555])"
477,"array([  1.42357957, -41.91130877])"
478,"array([  2.355916  , -41.80588179])"
479,"array([  1.64124195, -43.8009212 ])"
480,"array([  2.54353505, -43.69626651])"
481,"array([-0.22203065, -7.12963423])"
482,"array([ 0.89716853, -9.37310251])"
483,"array([-2.43086247, -6.76977079])"
484,"array([-0.85719441, -8.9466374 ])"
485,"array([-2.57592734, -7.48195753])"
486,"array([ -1.21961523, -13.58732273])"
487,"array([ -3.97810531, -15.71725263])"
488,"array([  2.75473925, -12.62507202])"
489,"array([ 9.08251908, -7.38008961])"
490,"array([ 7.67192777, -7.38523981])"
491,"array([ 6.12888957, -6.90169884])"
492,"array([ 8.11650745, -7.37458671])"
493,"array([ 9.05451621, -6.71760643])"
494,"array([ 7.3631808 , -6.67526707])"
495,"array([11.97428241, -4.31706775])"
496,"array([ 8.96222381, -4.86698451])"
497,"array([  9.9695674 , -10.42612188])"
498,"array([12.25191493, -4.80772103])"
499,"array([11.2812522 , -5.22437387])"
500,"array([ 9.88613665, -5.41606476])"
501,"array([-29.99781146,  -8.83531264])"
502,"array([-30.80545414,  -9.29409781])"
503,"array([-29.99462935,  -9.77179149])"
504,"array([11.87052821,  2.8318592 ])"
505,"array([11.84108405,  1.72167017])"
506,"array([11.09466141,  2.42874134])"
507,"array([10.00696932,  1.81793713])"
508,"array([11.94631622,  2.31852169])"
509,"array([11.81035402,  0.4766576 ])"
510,"array([10.42608153,  1.84456333])"
511,"array([11.29829288,  2.10326789])"
512,"array([10.7812923 ,  2.63647367])"
513,"array([10.37442093,  2.39577704])"
514,"array([-20.30933788,   0.94806866])"
515,"array([-20.11696287,   1.60953637])"
516,"array([-20.87563447,   1.34886769])"
517,"array([-20.12639762,   0.29722657])"
518,"array([-19.64072418,   0.9473371 ])"
519,"array([-20.87876302,   0.56048176])"
520,"array([27.39187169, 11.5981929 ])"
521,"array([27.76923634, 10.73574076])"
522,"array([13.51485548,  0.63656684])"
523,"array([ -6.5986886 , -18.76697097])"
524,"array([ -5.939024  , -16.60610041])"
525,"array([ -6.76530699, -20.37296779])"
526,"array([  9.97028799, -10.9888607 ])"
527,"array([11.36409956, -9.37547473])"
528,"array([ 10.02653718, -11.76426797])"
529,"array([ 17.08508432, -26.01572   ])"
530,"array([ 17.33179695, -25.65968331])"
531,"array([ 16.21988093, -25.44094213])"
532,"array([ 17.38592337, -25.19549897])"
533,"array([ 17.76290802, -25.75345629])"
534,"array([ 16.99859037, -25.31131532])"
535,"array([ 16.63430888, -25.13320579])"
536,"array([ 17.15014696, -26.86613547])"
537,"array([ 16.93548067, -25.68117774])"
538,"array([ 17.1425683 , -26.38714945])"
539,"array([ 16.7345897 , -26.54597503])"
540,"array([ 17.89832817, -25.26091225])"
541,"array([ 15.8677032 , -24.23829352])"
542,"array([ 16.56661985, -25.64256543])"
543,"array([ 16.52386719, -27.27546019])"
544,"array([ 18.35938599, -25.83303908])"
545,"array([ 16.29988852, -26.40954653])"
546,"array([ 18.03347472, -26.19224998])"
547,"array([ 17.51596906, -26.03899595])"
548,"array([ 16.15445181, -25.89057107])"
549,"array([ 17.91406573, -26.58703028])"
550,"array([ 16.6551529 , -26.04892284])"
551,"array([ 5.1240984 , -6.08076809])"
552,"array([ 5.79202659, -6.27037633])"
553,"array([ 6.89505554, -6.37797895])"
554,"array([-23.1583485 ,  11.68307809])"
555,"array([-23.87644313,  11.91316242])"
556,"array([-23.166305  ,  10.89205888])"
557,"array([-23.7363361 ,  10.76504653])"
558,"array([-22.42292451,  11.10197207])"
559,"array([-24.28547627,  11.2995993 ])"
560,"array([17.84210245,  2.96616396])"
561,"array([16.69118543,  1.31660049])"
562,"array([ 16.81932156, -20.43712473])"
563,"array([ 16.31186422, -21.53955528])"
564,"array([-26.76822946,  -5.84737776])"
565,"array([-25.81914271,  -5.64676642])"
566,"array([-26.05726627,  -6.61451259])"
567,"array([41.86418085, -5.79451816])"
568,"array([42.4050378 , -5.49900535])"
569,"array([41.28837953, -5.71766763])"
570,"array([41.95467873, -5.07076507])"
571,"array([42.51855459, -6.15286944])"
572,"array([41.30269972, -4.79376509])"
573,"array([41.52607616, -6.37941613])"
574,"array([42.10844333, -6.74158464])"
575,"array([2.08191751, 5.62315212])"
576,"array([1.38217685, 6.80435489])"
577,"array([2.00949918, 7.75657485])"
578,"array([1.91010061, 7.08621306])"
579,"array([1.2694391 , 7.63835847])"
580,"array([0.77767569, 7.05252952])"
581,"array([2.92181635, 7.30261903])"
582,"array([ 3.41498646, -1.64460928])"
583,"array([ 1.93133289, -0.19487599])"
584,"array([ 1.25222939, -0.04565579])"
585,"array([1.23033704, 0.51919737])"
586,"array([1.78088649, 0.56494264])"
587,"array([-0.52692609, 28.8901986 ])"
588,"array([ 0.34746498, 27.83587025])"
589,"array([ 0.36477966, 28.34477682])"
590,"array([-0.1944519 , 28.23806793])"
591,"array([-0.24273607, 27.7461751 ])"
592,"array([ 20.06442964, -16.1106748 ])"
593,"array([ 17.72620907, -17.13038344])"
594,"array([ 20.73988807, -17.36582174])"
595,"array([ 20.94229611, -18.16007998])"
596,"array([ 16.49003477, -15.53315663])"
597,"array([ 20.92611787, -16.58460494])"
598,"array([ 21.74995278, -17.45365624])"
599,"array([ 18.51939703, -15.91869493])"
600,"array([ 16.91512747, -17.44711448])"
601,"array([33.82330036, -3.10302074])"
602,"array([34.08957168, -3.99993025])"
603,"array([ -3.06663206, -10.1187277 ])"
604,"array([9.54203496, 2.61877952])"
605,"array([9.82894169, 1.42876443])"
606,"array([9.54188229, 1.99169655])"
607,"array([9.43549211, 1.54087542])"
608,"array([9.11697223, 1.84908198])"
609,"array([9.84494729, 2.25598608])"
610,"array([9.99646154, 2.70431403])"
611,"array([9.25789706, 2.33126815])"
612,"array([9.69402165, 0.16184287])"
613,"array([7.85136652, 1.41328394])"
614,"array([9.91682961, 3.56419316])"
615,"array([22.20761964, -0.46858394])"
616,"array([21.57392716, -1.09561344])"
617,"array([-17.43445126,  18.39723521])"
618,"array([-16.69638344,  17.6857296 ])"
619,"array([  7.23087457, -42.14644399])"
620,"array([  6.40346782, -42.2477095 ])"
621,"array([  6.49004058, -43.06362325])"
622,"array([  7.32463503, -42.9673301 ])"
623,"array([ -5.11570512, -16.70743011])"
624,"array([ -6.24787839, -17.65857641])"
625,"array([ -4.96823409, -17.46419621])"
626,"array([ -6.10604568, -14.15557422])"
627,"array([ -5.06338395, -15.95386109])"
628,"array([-26.37139236,  -7.63911876])"
629,"array([20.99801244, 30.98022071])"
630,"array([20.83727207, 30.09725166])"
631,"array([20.05839312, 30.86648237])"
632,"array([20.76338196, 32.15920918])"
633,"array([19.9641899 , 30.01954426])"
634,"array([22.04661729, 31.62214054])"
635,"array([21.77772624, 30.13913196])"
636,"array([-2.12622962,  5.28034388])"
637,"array([23.10071787, 26.25219953])"
638,"array([23.8004096 , 25.63169732])"
639,"array([ 8.7703364 , -7.72373796])"
640,"array([ 7.82662983, -7.74133385])"
641,"array([ 8.16380421, -8.33407195])"
642,"array([ 8.38564254, -8.50116141])"
643,"array([ 7.70587801, -7.9479745 ])"
644,"array([ 8.1286387 , -7.69894727])"
645,"array([ 8.83203388, -7.05011346])"
646,"array([ 8.56884493, -8.19715497])"
647,"array([ 7.95129819, -8.07952995])"
648,"array([ 10.49912918, -13.89769075])"
649,"array([ 11.17238644, -15.17691716])"
650,"array([16.58328149, -6.41831656])"
651,"array([17.4863936 , -5.83120513])"
652,"array([17.2798348 , -3.32337714])"
653,"array([  6.45689822, -19.80002731])"
654,"array([  5.92058025, -18.48399118])"
655,"array([  6.20335696, -18.77851916])"
656,"array([  6.41770525, -20.85115699])"
657,"array([  7.10590111, -21.44113762])"
658,"array([  4.75721909, -19.93115023])"
659,"array([  7.1760426 , -19.12443296])"
660,"array([  7.22492629, -18.33545966])"
661,"array([  7.37381416, -18.73657629])"
662,"array([  6.20466637, -18.12011481])"
663,"array([  6.8329689 , -18.24963588])"
664,"array([  6.97339971, -18.70263182])"
665,"array([  6.67119614, -21.26334288])"
666,"array([  6.7508793 , -19.01870137])"
667,"array([  4.90860946, -20.40268455])"
668,"array([  5.08093461, -19.6256175 ])"
669,"array([  6.25671966, -21.25002579])"
670,"array([  6.66174424, -20.49337392])"
671,"array([  5.98987464, -20.56870051])"
672,"array([  7.050945  , -20.36453438])"
673,"array([  5.35834986, -20.10951275])"
674,"array([  7.4201479 , -20.84179025])"
675,"array([  6.60161488, -18.58033136])"
676,"array([  7.98529522, -20.7262957 ])"
677,"array([  5.3271293 , -16.77061607])"
678,"array([  7.62580027, -20.35169387])"
679,"array([  6.08708937, -19.50073518])"
680,"array([  6.77883701, -19.65553969])"
681,"array([  5.5082312 , -19.73529069])"
682,"array([  5.40558989, -20.55526948])"
683,"array([  9.62754979, -19.82521009])"
684,"array([  5.17168804, -18.31336697])"
685,"array([  6.11053126, -20.22488554])"
686,"array([  6.42028995, -19.46731429])"
687,"array([  6.91241524, -20.85208559])"
688,"array([7.16260974, 8.93183177])"
689,"array([7.22172959, 7.12823834])"
690,"array([-19.5906106 ,  14.87992295])"
691,"array([-18.70900189,  15.18571589])"
692,"array([-27.87826052,  14.80943236])"
693,"array([-27.57794506,  15.58408497])"
694,"array([-27.10476414,  14.50039514])"
695,"array([-26.79664427,  15.27935126])"
696,"array([  9.29866601, -11.38209489])"
697,"array([ 5.4612345 , -5.26191465])"
698,"array([ 8.13343852, -2.68017358])"
699,"array([ 6.86990837, -2.92191614])"
700,"array([ 9.36759276, -2.97087211])"
701,"array([10.73609018, -3.94517018])"
702,"array([ 17.19223715, -28.63129548])"
703,"array([ 17.86366962, -29.00996506])"
704,"array([30.07665322, 25.22445662])"
705,"array([30.98017987, 25.44040994])"
706,"array([30.72531613, 24.54122321])"
707,"array([ 0.49337373, -9.78344267])"
708,"array([-0.8577594 , -9.73327229])"
709,"array([ 1.91175082, -9.997563  ])"
710,"array([  0.2223816 , -10.99011179])"
711,"array([ 18.7069563 , -26.26645675])"
712,"array([ 15.7493673 , -26.47833153])"
713,"array([ 0.59415515, 27.13806175])"
714,"array([ 0.94525583, 27.64858195])"
715,"array([-0.08474836, 27.06143651])"
716,"array([ 0.68285865, 28.86216881])"
717,"array([ 1.09486945, 28.22288565])"
718,"array([-2.80825785, 23.57016681])"
719,"array([26.57524651, 28.15467754])"
720,"array([26.4665127 , 27.05576042])"
721,"array([26.47746984, 29.46469214])"
722,"array([25.75146841, 28.66399784])"
723,"array([27.33281434, 27.35561385])"
724,"array([-25.58629628, -11.3213245 ])"
725,"array([-26.30133508, -12.03188201])"
726,"array([-25.5330886 , -12.35490348])"
727,"array([ 37.00551196, -14.15376844])"
728,"array([ 37.28547239, -15.0705281 ])"
729,"array([ 14.87444907, -21.48019631])"
730,"array([ 14.25270392, -22.34091127])"
731,"array([ 13.6764809 , -22.31722477])"
732,"array([11.98228909, 25.60722826])"
733,"array([11.60271087, 26.70941059])"
734,"array([11.34920547, 25.39010181])"
735,"array([11.46949627, 26.0485499 ])"
736,"array([12.11092676, 26.2696079 ])"
737,"array([10.84622168, 25.83089388])"
738,"array([10.96893428, 26.48934048])"
739,"array([ 11.18028674, -22.48427751])"
740,"array([ 10.58132564, -19.89434744])"
741,"array([ 10.43909513, -21.19348432])"
742,"array([ 11.53427048, -19.66859365])"
743,"array([ 10.54243531, -21.6053983 ])"
744,"array([ 10.71380037, -22.44319416])"
745,"array([ 10.78564607, -22.06188301])"
746,"array([ 10.32288307, -21.9942234 ])"
747,"array([ 12.11871121, -23.12246251])"
748,"array([ 11.13495252, -19.86268245])"
749,"array([10.51344945, -3.34811966])"
750,"array([11.79285552, -3.61157068])"
751,"array([-14.80549819,  -9.55917423])"
752,"array([-13.25843576, -10.25188016])"
753,"array([-14.58759637,  -8.9084714 ])"
754,"array([-15.21746029, -10.18454709])"
755,"array([-15.30798049,  -9.69524184])"
756,"array([-15.68115734,  -9.23493205])"
757,"array([-14.24104541,  -9.29379052])"
758,"array([-15.08459409,  -9.07661203])"
759,"array([-14.32988592,  -9.83244093])"
760,"array([-14.71273149, -10.21015773])"
761,"array([-13.48863025,  22.42796149])"
762,"array([20.10365936, 15.47024792])"
763,"array([19.61012734, 16.28430132])"
764,"array([ 4.31898052, -8.71101432])"
765,"array([ 6.54757355, -8.09179132])"
766,"array([ 5.48015569, -7.62700116])"
767,"array([ 3.30339077, -8.57049338])"
768,"array([ 14.40983958, -15.52316089])"
769,"array([ 13.39932431, -17.07966528])"
770,"array([ 14.97961709, -13.56816712])"
771,"array([ 15.01443856, -15.77242683])"
772,"array([ 13.05767937, -13.28067806])"
773,"array([ 13.22343935, -12.20144511])"
774,"array([ 13.32810389, -14.07941852])"
775,"array([ 13.40263785, -13.58736063])"
776,"array([ 13.62457548, -13.1754381 ])"
777,"array([ 14.10432016, -12.8965144 ])"
778,"array([ 14.03133623, -13.46440673])"
779,"array([ 12.81228111, -12.19859252])"
780,"array([ 13.80387487, -12.16891841])"
781,"array([ 14.00157705, -13.9349793 ])"
782,"array([  4.83020144, -46.78545752])"
783,"array([  3.89506379, -46.92620431])"
784,"array([20.52254158, -0.90606246])"
785,"array([ 44.09304695, -17.69460606])"
786,"array([ 44.79977083, -16.97787942])"
787,"array([ 45.08541394, -17.84304935])"
788,"array([  8.44480123, -23.69573094])"
789,"array([  8.15280685, -24.86619762])"
790,"array([  9.17247839, -24.36014285])"
791,"array([  8.65542207, -24.15340709])"
792,"array([  9.06996135, -23.15483685])"
793,"array([  9.79658609, -22.13285012])"
794,"array([  8.80195321, -22.7514178 ])"
795,"array([  9.07480596, -23.79250211])"
796,"array([  9.58680209, -24.06823412])"
797,"array([  9.92689137, -23.28554002])"
798,"array([-16.21226775, -34.49357429])"
799,"array([-15.84700299, -35.44362314])"
800,"array([-15.22886763, -34.73559602])"
801,"array([-16.98038823, -33.83130208])"
802,"array([ 5.58769966, -2.26707076])"
803,"array([ 5.83102707, -1.77589263])"
804,"array([ 4.66092597, -3.95420953])"
805,"array([ 8.52206299, -0.42343381])"
806,"array([ 8.90496806, -1.57206431])"
807,"array([10.15617136, -4.08656716])"
808,"array([ 6.24364655, -1.23578845])"
809,"array([ 6.20425259, -2.11807125])"
810,"array([ 6.60091045, -1.60973635])"
811,"array([ 7.01100463, -1.14003121])"
812,"array([ 8.52765986, -2.95760029])"
813,"array([-23.30100149,   7.54196773])"
814,"array([-23.34471112,   8.5755067 ])"
815,"array([21.38996447, 19.75683718])"
816,"array([21.35068873, 20.68715697])"
817,"array([  9.15422272, -16.19945709])"
818,"array([  8.76577428, -16.79693866])"
819,"array([13.42034063, -9.05292234])"
820,"array([-18.44160784,   4.73704922])"
821,"array([-17.63044661,   4.24370026])"
822,"array([10.39222688, -4.71356149])"
823,"array([ 8.91711444, -3.34418402])"
824,"array([-31.75029881,   8.46657434])"
825,"array([-32.61210942,   8.03860049])"
826,"array([ 7.60891927, -9.29044708])"
827,"array([ 7.83673744, -8.37573089])"
828,"array([ 7.46001531, -8.05732628])"
829,"array([ 7.34128019, -7.44833409])"
830,"array([ 7.06081206, -7.69865907])"
831,"array([-16.99679358,  26.68873419])"
832,"array([-17.80885096,  25.84577031])"
833,"array([-18.15785588,  26.474727  ])"
834,"array([-17.08361234,  25.99133925])"
835,"array([-16.086783  ,  26.20158788])"
836,"array([-17.69638851,  27.00062424])"
837,"array([ 15.87101773, -14.63481879])"
838,"array([ 15.13203829, -14.9621618 ])"
839,"array([ 18.83149886, -14.23638221])"
840,"array([ 14.01440463, -10.14322604])"
841,"array([ -1.54866704, -10.88157649])"
842,"array([ -2.35850828, -11.76881919])"
843,"array([ -2.07581042, -10.39627928])"
844,"array([ -0.5449588, -11.3391638])"
845,"array([-10.35471523, -11.55627288])"
846,"array([ -9.01890848, -12.14496834])"
847,"array([ -9.35574276, -13.48664459])"
848,"array([ -9.91474628, -12.95668088])"
849,"array([ -9.32395127, -12.36910002])"
850,"array([ -9.35738187, -11.97410199])"
851,"array([ -9.66403779, -12.24604065])"
852,"array([ -9.23328743, -11.6491227 ])"
853,"array([ -8.13205016, -12.05305209])"
854,"array([ -8.88420283, -11.77749868])"
855,"array([ -9.82058842, -11.87550696])"
856,"array([ 21.24376854, -42.26474374])"
857,"array([ 22.06470304, -42.75209291])"
858,"array([ 21.23922023, -43.21962032])"
859,"array([ 10.62708833, -22.82536225])"
860,"array([  9.87546995, -22.58752692])"
861,"array([ 10.17030502, -22.9383371 ])"
862,"array([ 11.09785203, -22.93005368])"
863,"array([ 10.68422909, -23.22795107])"
864,"array([ 10.25652865, -22.48804288])"
865,"array([-1.52595457,  5.78743561])"
866,"array([ 8.36491547, -4.24129003])"
867,"array([ 8.42019281, -5.01724031])"
868,"array([ 6.71215463, -4.2963539 ])"
869,"array([ 7.1205018 , -4.20853261])"
870,"array([ 8.32922422, -4.60008983])"
871,"array([4.80099962, 2.53225583])"
872,"array([4.3014188 , 1.41998127])"
873,"array([3.39734715, 2.40247726])"
874,"array([4.43868903, 2.33479857])"
875,"array([4.72032759, 1.57691028])"
876,"array([4.08950156, 2.1408968 ])"
877,"array([3.76089225, 2.62418002])"
878,"array([3.38187506, 3.01656805])"
879,"array([3.83678455, 3.10422294])"
880,"array([4.18617069, 2.73637266])"
881,"array([4.63051803, 2.9664264 ])"
882,"array([4.26513786, 3.20386234])"
883,"array([3.66886466, 2.06109634])"
884,"array([  8.96831565, -20.89340915])"
885,"array([  8.61273515, -21.59894732])"
886,"array([23.07612047,  0.86700283])"
887,"array([12.86209262, -6.63089233])"
888,"array([12.42744908, -6.17184943])"
889,"array([ 12.84557142, -22.65611506])"
890,"array([13.22547944,  1.83201092])"
891,"array([-24.05179109,  -0.67446795])"
892,"array([-24.69205505,   0.04399348])"
893,"array([ 6.23021699, -9.28724181])"
894,"array([ 6.84132722, -8.7652407 ])"
895,"array([ 7.4524512, -9.9025701])"
896,"array([ 7.32718788, -8.80951001])"
897,"array([ 7.24261832, -8.3680618 ])"
898,"array([ 5.62123891, -8.67551162])"
899,"array([  5.78192326, -10.64401906])"
900,"array([ 6.1444525 , -7.84211641])"
901,"array([ 6.87575783, -9.21014187])"
902,"array([ 6.50073973, -8.49407832])"
903,"array([ 7.54785993, -8.33187843])"
904,"array([-2.36104681, -2.46783557])"
905,"array([-3.12471813, -2.31174665])"
906,"array([-14.51525534, -14.49566199])"
907,"array([37.50667996, -6.59535933])"
908,"array([36.84497838, -5.89826487])"
909,"array([ 18.94192524, -29.07461645])"
910,"array([ 15.72471107, -16.91264336])"
911,"array([-5.22332217,  9.63069441])"
912,"array([-3.87076449, 17.48929985])"
913,"array([-3.01414912, 17.46131612])"
914,"array([-3.89215504, 18.25946493])"
915,"array([-3.05227446, 18.39063644])"
916,"array([ 12.52279114, -19.68665366])"
917,"array([ 11.91775394, -20.71781245])"
918,"array([ 12.2065374 , -19.98305525])"
919,"array([ 12.62342622, -20.82387695])"
920,"array([ 12.34108657, -20.50713522])"
921,"array([ 12.949008  , -19.63791196])"
922,"array([ 13.55403026, -20.10567248])"
923,"array([ 12.93768083, -20.08460759])"
924,"array([-13.41178031,  27.5216916 ])"
925,"array([-12.49374162,  27.43002866])"
926,"array([-12.87498944,  28.29071933])"
927,"array([ -8.73050978, -12.81080077])"
928,"array([ -8.30875856, -12.60920215])"
929,"array([ -8.79395665, -13.21792225])"
930,"array([ -8.59675476, -12.01995719])"
931,"array([ -8.57984465, -12.36492764])"
932,"array([ -9.55151071, -13.05452388])"
933,"array([ -8.93318693, -12.49941084])"
934,"array([ -7.42539151, -12.46389224])"
935,"array([ -8.4176312 , -13.00703395])"
936,"array([ -9.12481713, -13.08409346])"
937,"array([ -9.18657653, -12.7487017 ])"
938,"array([ -9.5462511 , -12.66087356])"
939,"array([ -9.30679784, -10.65280398])"
940,"array([-10.11921834,  -9.95813169])"
941,"array([11.223611  , -4.78908194])"
942,"array([ 8.42346306, -7.61172249])"
943,"array([10.83187921, -4.67103556])"
944,"array([33.64968245, 10.02865597])"
945,"array([32.99351667,  9.26545571])"
946,"array([11.73118969,  3.42688392])"
947,"array([12.43864868,  3.30838241])"
948,"array([ 8.81021803, -8.69203878])"
949,"array([ 7.73063354, -8.69916684])"
950,"array([ 8.14303554, -9.14514424])"
951,"array([ 7.21755456, -7.94613738])"
952,"array([ 8.44084332, -7.99999749])"
953,"array([ 8.4474774 , -8.81499335])"
954,"array([ 8.16615297, -7.97429275])"
955,"array([ 8.92005396, -8.27949404])"
956,"array([ 6.89465179, -8.21305845])"
957,"array([ 5.73024674, -9.92495468])"
958,"array([  4.61362103, -12.23730868])"
959,"array([-19.23867997,   8.28031532])"
960,"array([-19.63054472,   9.18949052])"
961,"array([-18.7714818 ,   7.44076246])"
962,"array([ 31.54709711, -37.15793947])"
963,"array([ 32.46549038, -36.88013904])"
964,"array([-25.58279075, -14.33034607])"
965,"array([-24.93703633, -15.29713346])"
966,"array([-26.34735284, -13.27971785])"
967,"array([-24.42384886, -14.06918495])"
968,"array([15.1534642 , -8.65902146])"
969,"array([17.63627278, -8.57292841])"
970,"array([17.27859466, -9.10125217])"
971,"array([16.96396436, -8.59250932])"
972,"array([17.81472031, -9.25763723])"
973,"array([17.31416008, -9.70625336])"
974,"array([16.75405063, -9.3285045 ])"
975,"array([10.44918835, 21.13929406])"
976,"array([ 9.85178093, 20.32467052])"
977,"array([-33.19482151,   4.77856915])"
978,"array([-32.24730351,   4.78076607])"
979,"array([ 35.31794326, -35.04245744])"
980,"array([ 35.72223712, -34.14923496])"
981,"array([-13.65618503,  14.06547512])"
982,"array([-14.22306227,  14.88121197])"
983,"array([ 13.50392728, -24.45058461])"
984,"array([-12.95719433, -38.57178808])"
985,"array([-12.12048641, -38.9956737 ])"
986,"array([-2.46591586, 33.72242543])"
987,"array([-3.04196955, 34.22048622])"
988,"array([ 4.14522958, -6.02453041])"
989,"array([ 7.50368485, -4.41966522])"
990,"array([ 7.52188873, -1.9130194 ])"
991,"array([ 7.7580908 , -3.17533771])"
992,"array([ 6.07936654, -4.81795128])"
993,"array([ 5.00782142, -1.62171213])"
994,"array([13.98275468, 18.14039673])"
995,"array([13.00372044, 18.35588214])"
996,"array([-26.37423571, -28.62993182])"
997,"array([-25.25484887, -28.5397539 ])"
998,"array([-32.92917955,   1.74948653])"
999,"array([-31.97425276,   1.91288001])"
1000,"array([ 3.47742712, 35.01066256])"
1001,"array([ 2.5296023 , 34.87717087])"
1002,"array([ 2.88968587, 35.77597899])"
1003,"array([ 8.9387124 , 31.79671379])"
1004,"array([ 8.17629705, 30.99747552])"
1005,"array([ 6.07976216, -2.80580854])"
1006,"array([-4.9978713 , -9.12008196])"
1007,"array([-3.20213672, -8.94576927])"
1008,"array([-21.81734877, -30.11986706])"
1009,"array([-22.43930023, -30.30670504])"
1010,"array([-22.60786388, -31.00357169])"
1011,"array([-21.85657546, -30.87754616])"
1012,"array([-23.05226427, -30.44777653])"
1013,"array([-22.6329785 , -29.52898837])"
1014,"array([-19.35579478,  13.18233233])"
1015,"array([25.41020996, 15.73158343])"
1016,"array([25.96594937, 14.97344806])"
1017,"array([-9.21583512, -4.65682771])"
1018,"array([-9.1852436 , -3.40282177])"
1019,"array([-9.38994283, -7.34849189])"
1020,"array([-7.32758293, -3.32821732])"
1021,"array([-10.51174476,  -3.39444232])"
1022,"array([ 6.5287982 , -6.80468615])"
1023,"array([ 4.30577288, -5.21161034])"
1024,"array([  3.78938975, -19.21561711])"
1025,"array([  6.52680653, -17.54895518])"
1026,"array([  4.41183476, -17.77025171])"
1027,"array([  1.27338741, -15.14939659])"
1028,"array([  0.79096049, -15.69486149])"
1029,"array([ -0.02155133, -16.95205968])"
1030,"array([  2.63595573, -13.94020938])"
1031,"array([ -0.05060814, -16.22852018])"
1032,"array([ -0.99742413, -24.9387519 ])"
1033,"array([ -1.46970953, -25.32425669])"
1034,"array([ -1.94278621, -24.79396811])"
1035,"array([ -0.78156529, -25.51071737])"
1036,"array([ -0.35868304, -24.12917006])"
1037,"array([ -0.71667951, -26.11667972])"
1038,"array([ -1.40519422, -25.85267199])"
1039,"array([ -0.21216304, -25.5129167 ])"
1040,"array([-10.4278452 , -15.56937998])"
1041,"array([ -9.82147024, -15.73009932])"
1042,"array([ -9.8634135 , -14.92864583])"
1043,"array([-10.50401434, -14.93805414])"
1044,"array([ -9.34238316, -15.30594159])"
1045,"array([-0.95123725,  7.02827785])"
1046,"array([45.63402623,  3.39558221])"
1047,"array([45.93013214,  4.28275751])"
1048,"array([7.81718175, 3.81736981])"
1049,"array([7.97099512, 4.80043463])"
1050,"array([7.37992956, 4.46685766])"
1051,"array([7.91507619, 1.87338172])"
1052,"array([8.56412111, 4.54878244])"
1053,"array([8.35334892, 2.0671389 ])"
1054,"array([  0.29107657, -14.44008553])"
1055,"array([ -5.7900458 , -15.93743513])"
1056,"array([ -5.53890583, -17.15637485])"
1057,"array([-21.57755997, -28.70033203])"
1058,"array([-14.46700937,  31.03193819])"
1059,"array([-13.57758794,  31.36439556])"
1060,"array([12.80999418, -3.62619003])"
1061,"array([11.16507487, -4.25489825])"
1062,"array([13.64305304, -3.20303479])"
1063,"array([-6.00626795, -1.95755448])"
1064,"array([-6.27537549, -2.73053624])"
1065,"array([-4.2987548 , -2.65052162])"
1066,"array([  6.83659194, -22.96157406])"
1067,"array([ -7.35618177, -42.1339531 ])"
1068,"array([ -7.93776281, -42.84576341])"
1069,"array([ -8.33102913, -41.9314565 ])"
1070,"array([ 41.84221087, -25.9274919 ])"
1071,"array([ 41.890996  , -24.70317823])"
1072,"array([ 42.43868679, -24.94889713])"
1073,"array([ 41.5532512 , -25.22319518])"
1074,"array([ 42.57741727, -25.70624106])"
1075,"array([ 46.90283758, -11.85666042])"
1076,"array([ 46.36436799, -12.68056417])"
1077,"array([ 45.97038986, -11.78087907])"
1078,"array([ 6.34211206, -6.27846331])"
1079,"array([16.08933282, 28.7029431 ])"
1080,"array([15.41565924, 29.38143537])"
1081,"array([15.16998398, 28.45529068])"
1082,"array([-3.83772653, -0.9521131 ])"
1083,"array([-5.39150757,  0.91420444])"
1084,"array([-5.77383308,  0.05146701])"
1085,"array([-5.88695707,  0.64999261])"
1086,"array([ -1.04813216, -12.27192289])"
1087,"array([-27.46937551,   2.41184941])"
1088,"array([-28.40125647,   2.56372403])"
1089,"array([ 9.87774743, -3.61176334])"
1090,"array([-2.25569755, 16.66644012])"
1091,"array([-18.23059131,  20.1510232 ])"
1092,"array([-21.97709672,  -3.44242514])"
1093,"array([-22.26131667,  -4.32374744])"
1094,"array([-4.30535352, 10.3651102 ])"
1095,"array([-6.5637129 , 21.26867715])"
1096,"array([ 12.6944544 , -18.72604218])"
1097,"array([  1.38206246, -13.00742547])"
1098,"array([ -0.30686123, -14.01079093])"
1099,"array([  2.40988053, -14.81065766])"
1100,"array([  1.30932487, -12.08133775])"
1101,"array([ 11.00900717, -40.35567701])"
1102,"array([ 11.34909687, -41.25640216])"
1103,"array([ 34.05912349, -28.77919496])"
1104,"array([ 34.53933253, -29.60486374])"
1105,"array([ 15.2051212 , -24.34933176])"
1106,"array([ 18.86840232, -25.50886433])"
1107,"array([27.5237412 , 29.84726142])"
1108,"array([26.91917124, 30.51755649])"
1109,"array([ -4.8160796 , -45.15191252])"
1110,"array([ -4.07387961, -45.73186037])"
1111,"array([ 33.61930518, -18.7438069 ])"
1112,"array([ 33.70865615, -19.68302674])"
1113,"array([-0.15813955, -5.94111895])"
1114,"array([ 1.82538435, -6.19939423])"
1115,"array([  2.35087779, -18.62446141])"
1116,"array([  0.11221653, -19.93299537])"
1117,"array([  1.17476156, -19.63569632])"
1118,"array([ 6.02836401, -3.57044671])"
1119,"array([-20.47758326, -24.64114926])"
1120,"array([-21.33231363, -24.20659729])"
1121,"array([ -0.76459522, -16.82253297])"
1122,"array([ 14.58702985, -20.17855064])"
1123,"array([ 14.12635416, -19.69821095])"
1124,"array([ 42.30282582, -24.03087751])"
1125,"array([ 41.12624634, -24.39977972])"
1126,"array([ -7.62399182, -10.50921364])"
1127,"array([ 19.25870596, -19.64678245])"
1128,"array([  8.55784348, -13.63715497])"
1129,"array([ 10.16674768, -12.52202559])"
1130,"array([  9.6523607 , -12.79353279])"
1131,"array([  9.67364882, -12.24390562])"
1132,"array([  9.15433878, -12.37530159])"
1133,"array([  1.9315947 , -14.26951319])"
1134,"array([ 11.48993796, -24.49101346])"
1135,"array([ 4.16612663, -1.96181654])"
1136,"array([ 2.614021  , -1.68252181])"
1137,"array([ 3.90707315, -2.4769671 ])"
1138,"array([3.52185783e+01, 3.17189837e-02])"
1139,"array([3.42816189e+01, 3.08575593e-02])"
1140,"array([17.2945153 , 17.91526253])"
1141,"array([17.59805373, 18.91505674])"
1142,"array([18.96528535, 26.13534553])"
1143,"array([19.86914737, 26.35380009])"
1144,"array([-1.54065206, -5.82432532])"
1145,"array([-1.55177888, -5.26415436])"
1146,"array([-2.29879504, -4.74386721])"
1147,"array([-1.00600036, -5.31388401])"
1148,"array([-2.82276988, -4.99264848])"
1149,"array([-3.33942464, -5.54674946])"
1150,"array([-2.55523576, -5.58543544])"
1151,"array([0.42375047, 1.37635935])"
1152,"array([ 39.06620404, -30.86869821])"
1153,"array([ 38.11886594, -30.82165659])"
1154,"array([-4.85801113, 25.91674917])"
1155,"array([-5.77448881, 26.44470384])"
1156,"array([33.7351968 ,  3.07417805])"
1157,"array([32.82821527,  2.81200691])"
1158,"array([-11.18449618, -36.36410693])"
1159,"array([-10.26397381, -36.59222681])"
1160,"array([ 0.87411862, -7.66415857])"
1161,"array([ 2.04113047, -7.24366553])"
1162,"array([ 6.34568273, 35.56981895])"
1163,"array([ 6.26968158, 36.53985649])"
1164,"array([39.00607865, 21.77273505])"
1165,"array([38.08083919, 21.98429373])"
1166,"array([38.36705734, 21.09528388])"
1167,"array([13.25653707, -4.68145519])"
1168,"array([ 6.29310681, 31.03919919])"
1169,"array([ 7.19251771, 30.58011963])"
1170,"array([ 7.19558205, 31.47342236])"
1171,"array([-1.38131862, 27.84688854])"
1172,"array([12.63004309, -7.67982991])"
1173,"array([13.0200179 , -7.29931446])"
1174,"array([-15.24685266,  11.68848648])"
1175,"array([-11.27645078,  -6.30348396])"
1176,"array([-10.5209773 ,  -6.63690554])"
1177,"array([-26.04163202, -20.56964253])"
1178,"array([-26.81526238, -21.13989181])"
1179,"array([-9.97820298, 29.10481108])"
1180,"array([-9.21335493, 28.55068831])"
1181,"array([ 15.6051855 , -23.38756728])"
1182,"array([ 15.58119168, -22.05804339])"
1183,"array([ 15.3047353 , -22.98291797])"
1184,"array([ 15.54179254, -21.55928127])"
1185,"array([ 16.17064756, -22.40348132])"
1186,"array([ 15.21716078, -22.41467159])"
1187,"array([ 15.74393409, -22.86936496])"
1188,"array([-28.06638581, -24.77162382])"
1189,"array([-27.25735927, -24.28513799])"
1190,"array([ 5.53486843, -5.74159505])"
1191,"array([  1.50706585, -10.67848896])"
1192,"array([ 5.03368996, -7.28486336])"
1193,"array([ -1.36737455, -11.61397329])"
1194,"array([  0.56756425, -11.62016405])"
1195,"array([  2.06864605, -12.76355151])"
1196,"array([ 21.25205869, -14.21410757])"
1197,"array([-27.82140245,  -0.29217867])"
1198,"array([-28.68543698,   0.05439366])"
1199,"array([-11.79392077, -15.10499162])"
1200,"array([24.28462735, -0.36089874])"
1201,"array([48.40620311,  2.34000822])"
1202,"array([48.11005535,  1.41756344])"
1203,"array([-6.60693089,  1.27425156])"
1204,"array([-6.84871524,  0.63833898])"
1205,"array([  3.20203218, -38.00061367])"
1206,"array([  2.28809903, -37.76659161])"
1207,"array([ 4.70959785, -6.63155074])"
1208,"array([12.83153552, -5.29393938])"
1209,"array([ 8.91492722, 30.15916053])"
1210,"array([-6.22406888,  2.0685047 ])"
1211,"array([ -9.14982592, -41.27163957])"
1212,"array([ 16.49783122, -10.59563833])"
1213,"array([14.49484145, -9.55018142])"
1214,"array([ 8.56761128, -9.99695411])"
1215,"array([46.80796429, -4.90726577])"
1216,"array([48.07732083, -5.28557413])"
1217,"array([47.3882776 , -5.22627792])"
1218,"array([48.03155126, -4.48481427])"
1219,"array([46.89763771, -5.75066793])"
1220,"array([47.67047045, -5.71657837])"
1221,"array([47.3259004 , -4.51104405])"
1222,"array([ -0.46127674, -13.09806437])"
1223,"array([-24.81602333, -27.74043273])"
1224,"array([-23.93071885, -28.48426358])"
1225,"array([15.54504314, 34.01310073])"
1226,"array([15.76275472, 32.98389488])"
1227,"array([15.43768828, 35.00090959])"
1228,"array([ 39.9473289, -11.9623787])"
1229,"array([ 39.55866872, -10.78874819])"
1230,"array([ 40.31129182, -10.72153649])"
1231,"array([ 40.68945301, -11.4974493 ])"
1232,"array([ 39.33579758, -11.50034877])"
1233,"array([ 40.00800388, -11.31492098])"
1234,"array([ -9.52396144, -22.77566328])"
1235,"array([ -8.65362535, -21.58724098])"
1236,"array([14.71100546, -0.82045094])"
1237,"array([16.5103871 ,  0.40712215])"
1238,"array([ -2.59254775, -11.07365978])"
1239,"array([ -0.20022105, -11.8876356 ])"
1240,"array([  3.3999095 , -12.88724114])"
1241,"array([41.31697792,  8.01478759])"
1242,"array([40.56569641,  8.57357459])"
1243,"array([ 14.03176488, -17.43597164])"
1244,"array([24.88846312, 18.85430656])"
1245,"array([24.17807688, 19.45121711])"
1246,"array([ -7.03621807, -38.33673507])"
1247,"array([ -7.96881606, -38.2947379 ])"
1248,"array([ 29.13071454, -39.156216  ])"
1249,"array([ 29.1458689 , -40.10848319])"
1250,"array([38.11537972,  2.46928042])"
1251,"array([37.36326421,  2.14095585])"
1252,"array([37.791929  ,  3.21923392])"
1253,"array([37.03071497,  2.89866721])"
1254,"array([ 11.58482463, -11.5874325 ])"
1255,"array([12.34907817, 35.42304676])"
1256,"array([12.05595319, 34.47930499])"
1257,"array([26.12305393, 21.72959626])"
1258,"array([26.63923737, 20.95610239])"
1259,"array([ 19.71171747, -17.06587239])"
1260,"array([ 19.23949004, -16.50489446])"
1261,"array([-11.84311657,  16.73496949])"
1262,"array([-10.93280618,  16.62002241])"
1263,"array([  1.62344721, -16.65059237])"
1264,"array([  1.69140026, -20.48357407])"
1265,"array([  0.11488462, -18.70046061])"
1266,"array([ 40.37933853, -20.47644292])"
1267,"array([ 41.23324445, -20.03350348])"
1268,"array([ 9.72019347, -4.14952668])"
1269,"array([-0.78164471,  6.26307629])"
1270,"array([ 5.14424632, 24.76674794])"
1271,"array([ 6.18908206, 24.54567465])"
1272,"array([ 5.21076944, 23.74080854])"
1273,"array([ 1.14079848, -5.52612996])"
1274,"array([ 36.12196141, -33.22681279])"
1275,"array([ 1.14778906, 22.65721513])"
1276,"array([ 1.77916238, 23.36851897])"
1277,"array([ 21.60284068, -11.80246953])"
1278,"array([ 17.96627946, -12.07817351])"
1279,"array([ 23.19234073, -12.63702114])"
1280,"array([ 22.99573165, -10.73942765])"
1281,"array([ 22.92642047, -11.70795753])"
1282,"array([ 23.68160975, -11.65288209])"
1283,"array([ 9.51072371, -1.45262032])"
1284,"array([ 2.78017244, -7.37228095])"
1285,"array([-1.73992493, -3.21041324])"
1286,"array([-1.9407129 , -1.52572729])"
1287,"array([-1.65606392, -2.27135446])"
1288,"array([11.75689455, 33.51622418])"
1289,"array([-22.19168585,   4.83280164])"
1290,"array([-21.43510076,   5.40128237])"
1291,"array([ 39.47342207, -17.84994082])"
1292,"array([ 39.58448918, -16.93317578])"
1293,"array([-23.37976614,  15.6808962 ])"
1294,"array([-22.42671287,  15.59891144])"
1295,"array([29.64847396, 17.89830996])"
1296,"array([29.04488728, 17.92554073])"
1297,"array([29.9896272 , 17.42800557])"
1298,"array([29.3235862 , 17.29587593])"
1299,"array([28.77568845, 16.88685404])"
1300,"array([28.65230591, 17.46837239])"
1301,"array([29.30584068, 16.6089128 ])"
1302,"array([29.84025608, 16.84516022])"
1303,"array([ 14.66010064, -12.50482689])"
1304,"array([ 9.18189155, -1.04823213])"
1305,"array([8.26106189, 0.60361816])"
1306,"array([-6.67237331, 25.89769913])"
1307,"array([-15.02937283, -13.24760769])"
1308,"array([10.86936369,  4.24820655])"
1309,"array([25.52928041, 30.16524605])"
1310,"array([39.81527404, 12.50658942])"
1311,"array([39.32994426, 11.67832958])"
1312,"array([ 41.8330514 , -11.73252468])"
1313,"array([37.8994872 , 15.04119705])"
1314,"array([37.97978772, 16.11341246])"
1315,"array([ -4.43155336, -11.31587977])"
1316,"array([ 18.89626754, -21.43166716])"
1317,"array([  1.3216702 , -14.00497628])"
1318,"array([ 7.17629959, 22.76840161])"
1319,"array([ 6.13260065, 22.43596737])"
1320,"array([ 6.82201489, 22.08290407])"
1321,"array([ 6.40425509, 23.36608042])"
1322,"array([-13.80492872, -28.49958591])"
1323,"array([-14.14768823, -27.63210456])"
1324,"array([ 32.26774   , -32.76656295])"
1325,"array([ 32.84445912, -32.03397323])"
1326,"array([21.27002552, 24.30424438])"
1327,"array([21.17080711, 23.36672619])"
1328,"array([ 3.44672662, -6.6321112 ])"
1329,"array([ 3.33938607, -5.91535847])"
1330,"array([ 14.40898423, -11.91899113])"
1331,"array([16.08088296, 32.06360827])"
1332,"array([7.0303131 , 1.46756914])"
1333,"array([-12.49847646,  10.20066112])"
1334,"array([-12.91979221,   9.33823218])"
1335,"array([ 19.11765195, -39.60341089])"
1336,"array([ 18.39522238, -40.22375606])"
1337,"array([-33.23530151, -14.45088346])"
1338,"array([-33.31831678, -15.48154241])"
1339,"array([-33.13415365, -13.40145986])"
1340,"array([47.68452355, -6.5262261 ])"
1341,"array([ 4.16965763, -7.39456574])"
1342,"array([  1.06579277, -22.1827114 ])"
1343,"array([  0.42093488, -21.76267397])"
1344,"array([13.31272388, -1.51498205])"
1345,"array([12.60377255, -1.68854141])"
1346,"array([ 36.16358962, -17.54458969])"
1347,"array([ 36.64477719, -18.38018187])"
1348,"array([13.67662494,  2.16490962])"
1349,"array([ -1.39015875, -39.91473624])"
1350,"array([ -0.58555414, -39.39470109])"
1351,"array([ 14.54738597, -40.23914298])"
1352,"array([ 15.04366468, -41.03454898])"
1353,"array([12.04407862, 18.45250415])"
1354,"array([ 8.08666574, -1.5030783 ])"
1355,"array([13.66879754, -2.32501273])"
1356,"array([  4.74227688, -14.87333977])"
1357,"array([  7.18600966, -16.34040059])"
1358,"array([36.12354115, 12.58095052])"
1359,"array([-11.05257763, -29.91496926])"
1360,"array([-10.23099648, -30.41867199])"
1361,"array([ 4.70483475, -0.70443492])"
1362,"array([ 5.87122569, -0.64628361])"
1363,"array([-7.70530031, 22.8484572 ])"
1364,"array([ 34.21288693, -13.90398883])"
1365,"array([ 34.4227589 , -12.97245419])"
1366,"array([18.77803314, 22.32526419])"
1367,"array([18.33128721, 23.13323118])"
1368,"array([ -7.66953497, -19.7769487 ])"
1369,"array([46.54285617,  8.72355284])"
1370,"array([45.98736929,  7.91319248])"
1371,"array([5.2798769 , 0.03980522])"
1372,"array([ 7.38293814, -2.67799854])"
1373,"array([ 15.54009083, -10.45596275])"
1374,"array([12.76593462, -9.80125691])"
1375,"array([-16.07162021, -38.76343532])"
1376,"array([-16.79983218, -39.37339232])"
1377,"array([-29.90822129,  -5.67715751])"
1378,"array([-29.57272703,  -4.81090226])"
1379,"array([33.66096509, 15.28787317])"
1380,"array([34.09264295, 16.13811831])"
1381,"array([-29.02231326,   5.63920484])"
1382,"array([19.08575766, -5.20884918])"
1383,"array([ -2.15363028, -13.24763336])"
1384,"array([ 9.24604825, 19.52451838])"
1385,"array([43.03807923, 10.25445196])"
1386,"array([42.46873768, 11.0033308 ])"
1387,"array([43.40286117, 11.10971394])"
1388,"array([ 3.63409356, 19.11289621])"
1389,"array([ 3.24863246, 18.37705672])"
1390,"array([ 2.92608257, 19.08930703])"
1391,"array([ 2.53136819, 19.85186176])"
1392,"array([ 3.28113615, 19.72209499])"
1393,"array([ 2.36767569, 18.93121339])"
1394,"array([ 6.28591035, -0.07115954])"
1395,"array([ 21.88119102, -22.69853943])"
1396,"array([ 20.79287191, -22.27756455])"
1397,"array([ 23.34882624, -23.27461832])"
1398,"array([ 24.171026  , -23.66099086])"
1399,"array([ -1.21004186, -21.25282229])"
1400,"array([34.66277683, -8.16679595])"
1401,"array([ -1.66278036, -15.27968498])"
1402,"array([15.81897482, 25.66427312])"
1403,"array([16.68639959, 25.31147232])"
1404,"array([6.30308964, 3.78671621])"
1405,"array([ 45.76582607, -17.14004283])"
1406,"array([13.71037634, 22.01996109])"
1407,"array([14.67779565, 21.80397683])"
1408,"array([14.43692706, 22.69851709])"
1409,"array([15.6589514 , -1.83200201])"
1410,"array([ 5.13533018, -4.37130817])"
1411,"array([-16.71365264, -30.76805056])"
1412,"array([-15.7609653 , -30.74662784])"
1413,"array([45.19944133, -0.69005971])"
1414,"array([44.36023252, -1.1227951 ])"
1415,"array([38.0791538 , 17.09918919])"
1416,"array([38.70013054, 16.89648215])"
1417,"array([37.45102837, 17.03414922])"
1418,"array([ 6.6744562 , -7.40221216])"
1419,"array([-8.22548346, 33.17224838])"
1420,"array([-8.30171207, 31.88158786])"
1421,"array([-7.96754621, 32.59960799])"
1422,"array([-8.96224997, 32.49562297])"
1423,"array([-8.97335773, 33.39487019])"
1424,"array([  4.20963439, -13.82001544])"
1425,"array([ 21.94632727, -20.08221597])"
1426,"array([  6.37212796, -38.65002006])"
1427,"array([  7.31407889, -38.68073678])"
1428,"array([-1.2884553 , -6.93100444])"
1429,"array([3.8075247 , 4.13676391])"
1430,"array([12.60164045, -2.88226629])"
1431,"array([ 45.77952819, -21.24556327])"
1432,"array([ 44.84479883, -21.16146211])"
1433,"array([ 6.46767562, -9.93580238])"
1434,"array([-13.30527526, -41.84153501])"
1435,"array([-12.41811021, -42.19309615])"
1436,"array([-5.90438344, 27.50442711])"
1437,"array([-6.16445932, 28.47628032])"
1438,"array([  4.8390862, -19.0442928])"
1439,"array([18.56829795, 19.25119416])"
1440,"array([12.50788667,  4.25859682])"
1441,"array([ 37.43570004, -27.44134402])"
1442,"array([ -1.66718166, -44.07319082])"
1443,"array([ -2.15723968, -43.23792389])"
1444,"array([-23.3986674 ,   9.71700097])"
1445,"array([ 3.79901828, -9.29463531])"
1446,"array([  2.80165034, -11.00690454])"
1447,"array([-24.15204011, -23.02140698])"
1448,"array([-23.62915105, -22.22948592])"
1449,"array([37.52334415,  8.57265779])"
1450,"array([36.84951007,  7.85725132])"
1451,"array([-30.24880638, -21.31853673])"
1452,"array([-31.19918898, -21.43828376])"
1453,"array([-30.6058738 , -22.21312425])"
1454,"array([ 19.30702919, -15.75300243])"
1455,"array([ 11.09447991, -12.4981518 ])"
1456,"array([ 25.26949553, -24.74294734])"
1457,"array([-10.50282523,  13.54303744])"
1458,"array([-10.96864026,  12.71461865])"
1459,"array([ 7.11056259, 24.29860423])"
1460,"array([ -1.41184109, -18.21409816])"
1461,"array([ 30.83643976, -29.4093734 ])"
1462,"array([ 31.2000731 , -28.51240936])"
1463,"array([  3.01627099, -23.55324171])"
1464,"array([41.43070263,  3.7647496 ])"
1465,"array([42.09692697,  4.51373373])"
1466,"array([42.21206431, 16.79753763])"
1467,"array([41.89789165, 15.87351036])"
1468,"array([-7.55688356, 19.41317655])"
1469,"array([31.06808476, 12.86173592])"
1470,"array([30.13693546, 12.77243178])"
1471,"array([30.68309449, 12.01377152])"
1472,"array([28.54509656, 22.70206969])"
1473,"array([27.89004749, 23.41870808])"
1474,"array([-14.72048788,  15.70593073])"
1475,"array([-11.81082572,  -2.61370781])"
1476,"array([24.14432098, 23.10775203])"
1477,"array([23.61024682, 22.3207648 ])"
1478,"array([ 27.12086592, -36.15359026])"
1479,"array([ 26.37933749, -35.59513973])"
1480,"array([ -4.37678209, -39.77935965])"
1481,"array([ -4.27002072, -40.73471695])"
1482,"array([-27.4492157 , -12.83947355])"
1483,"array([ -7.59747922, -33.83597378])"
1484,"array([ -6.66939618, -34.44512598])"
1485,"array([ -8.42087037, -33.26337245])"
1486,"array([ 15.83380431, -18.28677589])"
1487,"array([-32.77693728,  -5.00096239])"
1488,"array([-33.23810892,  -5.80268228])"
1489,"array([  3.2237106, -10.1994179])"
1490,"array([16.85371782, 19.64311261])"
1491,"array([ 14.08857369, -44.11336348])"
1492,"array([ 14.27016706, -45.04938212])"
1493,"array([15.40907208, 22.47783815])"
1494,"array([ 5.57036301, -6.62868622])"
1495,"array([  9.74443468, -45.77796584])"
1496,"array([ 10.33061153, -45.00292403])"
1497,"array([ 10.68962394, -45.88570876])"
1498,"array([13.13958273, -5.87321676])"
1499,"array([-11.68183026, -33.75784157])"
1500,"array([  8.11173821, -12.05510904])"
1501,"array([  7.74514655, -12.71733137])"
1502,"array([-20.95628944, -31.74629144])"
1503,"array([36.20291634,  7.08606716])"
1504,"array([-15.44305114,   6.04518001])"
1505,"array([-15.39331645,   6.96594081])"
1506,"array([44.87334135, 13.63337174])"
1507,"array([44.10132475, 14.15891857])"
1508,"array([-33.01287895, -12.38258108])"
1509,"array([13.9570584 ,  3.41594999])"
1510,"array([-3.97265808, 30.47289047])"
1511,"array([-4.86614158, 30.78527744])"
1512,"array([-13.06099603, -16.37341778])"
1513,"array([ 33.16520398, -24.72949734])"
1514,"array([ 33.41953378, -23.80590902])"
1515,"array([ 29.22549391, -33.35389904])"
1516,"array([ 29.64989138, -34.20263441])"
1517,"array([-31.2107884 ,  12.04044604])"
1518,"array([-30.83970663,  12.91422014])"
1519,"array([11.98631426, 30.20953367])"
1520,"array([12.73268073, 30.78354675])"
1521,"array([-1.95915657, -9.28049764])"
1522,"array([ 11.48369486, -14.17391157])"
1523,"array([  6.54890447, -10.82160142])"
1524,"array([ 11.93352994, -13.57913796])"
1525,"array([ -9.86910389, -19.6558908 ])"
1526,"array([38.1481255 , 17.89127303])"
1527,"array([-24.91678331,  21.88780807])"
1528,"array([-24.26222401,  21.22930992])"
1529,"array([ -3.35012081, -12.46136739])"
1530,"array([ 6.27621125, -7.43873197])"
1531,"array([-4.96205193, -8.17062589])"
1532,"array([ 23.60459851, -17.55747286])"
1533,"array([48.53764905, -7.4423706 ])"
1534,"array([47.09722513, -7.64978454])"
1535,"array([ 7.85096837, -0.54834356])"
1536,"array([-18.13695607, -27.52684797])"
1537,"array([-17.22679915, -27.81671793])"
1538,"array([8.05833832, 2.67966591])"
1539,"array([-12.63340829,  -5.55279658])"
1540,"array([ -5.66653251, -34.53329761])"
1541,"array([ -6.1572978 , -35.31055548])"
1542,"array([ 10.14393534, -15.69251079])"
1543,"array([  8.19026994, -16.0667332 ])"
1544,"array([  8.02643036, -15.3684698 ])"
1545,"array([-16.59867457, -24.81122983])"
1546,"array([-17.46175073, -24.38998853])"
1547,"array([ 3.80188862, 31.77172818])"
1548,"array([ 2.8494462 , 31.75681231])"
1549,"array([-27.98591597,  10.95172463])"
1550,"array([-28.70595845,  10.3618263 ])"
1551,"array([ 0.43970794, -8.65918498])"
1552,"array([38.5837898 ,  5.78257456])"
1553,"array([39.50385597,  5.96097437])"
1554,"array([-4.79390202, -1.46588587])"
1555,"array([-31.88892534,  -0.96349776])"
1556,"array([-31.13685614,  -1.61826339])"
1557,"array([19.1474317 , 29.27933514])"
1558,"array([13.68254857, -7.02161429])"
1559,"array([34.25072016, 25.79251788])"
1560,"array([-26.46947228,  18.80092262])"
1561,"array([-25.61239615,  18.3725428 ])"
1562,"array([-22.82775677,  -9.09146257])"
1563,"array([-22.61895281,  -8.17194238])"
1564,"array([-22.96585516, -28.35920884])"
1565,"array([  6.91795951, -14.28938634])"
1566,"array([18.72113549, 35.51965145])"
1567,"array([19.59279915, 35.14745675])"
1568,"array([-25.06520652,  -6.2527797 ])"
1569,"array([ -0.96465845, -19.92283086])"
1570,"array([42.61724398,  1.24330415])"
1571,"array([43.49595436,  1.54393917])"
1572,"array([ 4.16808034, -4.6394629 ])"
1573,"array([ -2.88358046, -36.6797024 ])"
1574,"array([2.45192309, 2.08890891])"
1575,"array([3.76608147, 0.71973871])"
1576,"array([11.40624974, -2.68472798])"
1577,"array([45.37099427,  7.12345872])"
1578,"array([30.45608154,  7.40451667])"
1579,"array([30.12601617,  8.29344856])"
1580,"array([ 16.0228015 , -12.48055174])"
1581,"array([ 9.13384108, 35.4827613 ])"
1582,"array([ 9.42306043, 36.41281878])"
1583,"array([ 46.35476377, -13.7266836 ])"
1584,"array([ 17.48537227, -16.11182854])"
1585,"array([ 41.77081445, -15.38731031])"
1586,"array([ 42.51274964, -14.82811308])"
1587,"array([  4.98579175, -10.54026739])"
1588,"array([ 4.6840988 , -9.83679684])"
1589,"array([22.56314194,  1.70155059])"
1590,"array([38.5830457 , -2.24419197])"
1591,"array([37.60895955, -2.41514472])"
1592,"array([  3.32323691, -14.78495937])"
1593,"array([22.88967753, 16.55676044])"
1594,"array([22.29066233, 17.2623498 ])"
1595,"array([ 11.7152479 , -16.89008373])"
1596,"array([32.11764721, 28.53111898])"
1597,"array([31.30718986, 29.02045964])"
1598,"array([ 5.2125577 , -3.18043252])"
1599,"array([-30.38209687,  -2.23457573])"
1600,"array([  0.09018572, -10.30149595])"
1601,"array([  0.83784029, -10.64298314])"
1602,"array([ 23.00719877, -14.39036109])"
1603,"array([13.62465083,  4.53664583])"
1604,"array([ -1.78960596, -12.33511505])"
1605,"array([42.72031545,  5.26522682])"
1606,"array([  5.93427102, -16.07429824])"
1607,"array([-23.39138306, -27.45711106])"
1608,"array([-2.35396313, 19.25263955])"
1609,"array([-10.01043743,  25.68778414])"
1610,"array([-10.83417299,  25.24251852])"
1611,"array([-7.71304501, 15.09730665])"
1612,"array([-8.31152088, 15.82642502])"
1613,"array([36.68002418, -2.64737497])"
1614,"array([-34.94308135,  -2.81369259])"
1615,"array([-34.8152065 ,  -1.85967447])"
1616,"array([ 7.33075755, -0.23550535])"
1617,"array([ 22.08079288, -18.88826682])"
1618,"array([  9.72656998, -25.67552181])"
1619,"array([-24.51764281,   2.74891751])"
1620,"array([-24.58956471,   3.67015001])"
1621,"array([ 25.69759975, -23.70931939])"
